key,sequence
pair_02,MTEYKLVVVGAGGVGKSALTIQLIQNHFVDEYDPTIE
pair_01,MTEYKLVVVGAGGVGKSALTIQLIQNHFVDEYDPTIE
pair_12,MTEYKLVVVGAGGVGKSALTIQLIQNHFVDEYDPTVE
pair_05,MTEYKLVVVGAGGVGKSALTIQLIQNHFVDEYDPTVE
pair_07,MTEYKLVVVGAGGVGKSALTIQLIQNHFVDEYDPTAE
pair_11,MTEYKLVVVGAGGVGKSALTIQLIQNHFVDEYDPKIE
pair_06,MTEYKLVVVGAGGVGKSALTIQLIQNHFVDEYDPAIE
pair_08,MTEYKLVVVGAGGVGKSALTIQLIQNHFVDEYDPT--
pair_10,MTEYKLVVVGAGGVGKSALTIQLIQNHFVDKYDPTIE
pair_09,MTEYKLVVVGAGGVGKSALTIQLIQNHFVSEYDPTIE
pair_04,MTEYKLVVVGAGGVGKSALTIQLVQNHFVDEYDPTIE
pair_03,MTEYKLVVVGAGGAGKSALTIQLIQNHFVDEYDPTIE
